Gianfranco Hernandez - Gianfra100
Gabriel Riveros - GabDevOT
Rodrigo Cordova - rodrigocormel
Bruno Salas - BrunoSalas
David Achachagua - IDinoDave
Andrea Alcantara - andreajo119
Jorge Sanchez - jorgeluis15520
Zahira Paredes - ZahiraParedes